id,first_name,last_name,email,gender,car_make,car_year,car_color
1,Gay,Yendle,gyendle0@shinystat.com,Male,Chevrolet,2007,Orange
2,Crissy,Gaddesby,cgaddesby1@myspace.com,Female,Mitsubishi,1998,Blue
3,Valera,Fincham,vfincham2@webmd.com,Female,Pontiac,1994,Goldenrod
4,Blanca,Legion,blegion3@theatlantic.com,Female,Mercedes-Benz,2005,Fuscia
5,Carson,Prescote,cprescote4@mlb.com,Male,Toyota,2004,Aquamarine
6,Chloris,Streeting,cstreeting5@mit.edu,Female,Dodge,1989,Pink
7,Phillie,Spackman,pspackman6@t.co,Female,Aptera,2008,Purple
8,Gallard,Thompson,gthompson7@dell.com,Male,BMW,2013,Khaki
9,Darcey,Ferrers,dferrers8@pbs.org,Female,Toyota,2012,Crimson
10,Bron,Stronack,bstronack9@ucla.edu,Male,Ford,2006,Yellow
11,Robby,Tigner,rtignera@google.com.au,Male,Ford,2003,Indigo
12,Will,Foltin,wfoltinb@jigsy.com,Male,Ford,2001,Yellow
13,Sigismondo,Carrier,scarrierc@mysql.com,Male,Chevrolet,2008,Fuscia
14,Jon,Stobbs,jstobbsd@netscape.com,Male,Toyota,2001,Violet
15,Chariot,Gilmore,cgilmoree@mapy.cz,Male,Toyota,2000,Puce
16,Bobbie,Whatford,bwhatfordf@geocities.jp,Male,Toyota,2004,Purple
17,Hansiain,Stebbing,hstebbingg@abc.net.au,Male,Chrysler,2005,Blue
18,Thedric,Ausello,tauselloh@mlb.com,Male,Chevrolet,1998,Goldenrod
19,Millicent,Blitz,mblitzi@hc360.com,Female,Ford,1993,Yellow
20,Mira,Worsnap,mworsnapj@usatoday.com,Female,Hummer,1999,Goldenrod
21,Ashton,Lapslie,alapsliek@virginia.edu,,Mitsubishi,1998,Crimson
22,Isahella,Worden,iwordenl@unesco.org,Female,Ford,2006,Purple
23,Hatti,Hopfer,hhopferm@tamu.edu,Female,Ford,1999,Purple
24,Nadya,Abyss,nabyssn@ustream.tv,Female,Saab,2004,Crimson
25,Heall,Mullally,hmullallyo@linkedin.com,Male,GMC,1996,Pink
26,Wiatt,Hoff,whoffp@quantcast.com,Male,Lexus,1989,Orange
27,Cyndie,Lantuffe,clantuffeq@i2i.jp,Female,Volvo,2003,Turquoise
28,Sutton,Sissel,ssisselr@phpbb.com,Male,Infiniti,2011,Yellow
29,Amara,Noonan,anoonans@patch.com,Female,Lexus,1991,Yellow
30,Carrie,Andrat,candratt@cnet.com,Female,Mercedes-Benz,1998,Green
31,Oralla,Gollop,ogollopu@deliciousdays.com,Female,Chevrolet,1982,Purple
32,Donny,Ox,doxv@aol.com,Female,Lexus,2009,Mauv
33,Fanny,Redfearn,fredfearnw@live.com,Female,Pontiac,2009,Orange
34,Terri-jo,Vernalls,tvernallsx@tmall.com,Female,Toyota,2012,Goldenrod
35,Deva,Locket,dlockety@gnu.org,Female,Dodge,1997,Maroon
36,Lenci,Dadge,ldadgez@dion.ne.jp,Male,Toyota,1995,Aquamarine
37,Mirna,Bourget,mbourget10@constantcontact.com,Female,Cadillac,1993,Yellow
38,Olivier,Shearmer,oshearmer11@youtu.be,Male,Chevrolet,2005,Teal
39,Gusti,Jore,gjore12@globo.com,Female,Dodge,1995,Violet
40,Mar,Bangham,mbangham13@statcounter.com,Male,Chevrolet,2004,Pink
41,Ray,Minchenton,rminchenton14@japanpost.jp,Female,Mercury,1996,Violet
42,Jewel,Smalcombe,jsmalcombe15@ucsd.edu,Female,GMC,2006,Teal
43,Ilka,Hamflett,ihamflett16@hexun.com,Female,Bentley,2008,Teal
44,Krishna,Girhard,kgirhard17@soup.io,Male,Hyundai,2007,Red
45,Urson,Shark,ushark18@wisc.edu,Male,GMC,1994,Maroon
46,Obidiah,Chicchetto,ochicchetto19@fastcompany.com,Male,Saab,1990,Khaki
47,Hollie,Marler,hmarler1a@bizjournals.com,Female,Mercury,1994,Red
48,Sapphire,Stretton,sstretton1b@ucoz.ru,Female,,,
49,Thurstan,Houtbie,thoutbie1c@taobao.com,Male,Chevrolet,2006,Yellow
50,Richardo,Yapp,ryapp1d@discuz.net,Male,GMC,2004,Khaki
51,Ramsay,Eberlein,reberlein1e@biglobe.ne.jp,Male,Mitsubishi,2003,Teal
52,Gussy,Itzcovichch,gitzcovichch1f@google.pl,,Isuzu,1999,Violet
53,Cherey,Mallan,cmallan1g@sourceforge.net,Female,GMC,1996,Yellow
54,Clair,Vonderdell,cvonderdell1h@aboutads.info,Male,Audi,1990,Red
55,Rachael,Abela,rabela1i@artisteer.com,Female,Ford,2008,Puce
56,Brandais,Anersen,banersen1j@gmpg.org,Female,Mitsubishi,1990,Turquoise
57,Trish,Beininck,tbeininck1k@uiuc.edu,Female,Mitsubishi,2003,Crimson
58,Demetri,Goncaves,dgoncaves1l@dell.com,Male,Nissan,2010,Turquoise
59,Jacklyn,Najera,jnajera1m@yellowpages.com,Female,Ford,1993,Yellow
60,Nickie,Garry,ngarry1n@joomla.org,Male,GMC,2001,Maroon
61,Merwyn,Walley,mwalley1o@home.pl,Male,Acura,2004,Green
62,Vern,Buddles,vbuddles1p@tripod.com,Male,Buick,1986,Goldenrod
63,Micheline,Puddin,mpuddin1q@homestead.com,Female,Bentley,2009,Teal
64,Stephen,Hellwig,shellwig1r@1688.com,Male,Nissan,2009,Orange
65,Goldarina,Carlsen,gcarlsen1s@furl.net,Female,GMC,1999,Green
66,Jannelle,Newns,jnewns1t@whitehouse.gov,Female,BMW,2003,Purple
67,Kane,Emma,kemma1u@whitehouse.gov,Male,Ford,1990,Mauv
68,Nataniel,Jarad,njarad1v@jalbum.net,Male,Chevrolet,2011,Purple
69,Kevan,Sylvester,ksylvester1w@ibm.com,Male,Mercedes-Benz,1992,Puce
70,Manfred,Lidbetter,mlidbetter1x@usatoday.com,Male,Infiniti,2008,Khaki
71,Shalne,Falconar,sfalconar1y@tmall.com,Female,Subaru,2008,Turquoise
72,Barbara-anne,Morecombe,bmorecombe1z@oracle.com,Female,Hyundai,2005,Orange
73,Virginie,Robertucci,vrobertucci20@scientificamerican.com,Female,Chevrolet,2005,Aquamarine
74,Reinhold,Mattimoe,rmattimoe21@icq.com,,GMC,1998,Purple
75,Xerxes,Casterot,xcasterot22@bing.com,Male,Buick,1984,Fuscia
76,Sadie,Reith,sreith23@nasa.gov,Female,Cadillac,2003,Indigo
77,Griz,Kann,gkann24@github.com,,Chevrolet,1977,Fuscia
78,Jody,Hooke,jhooke25@yahoo.com,Male,Cadillac,2008,Violet
79,Alidia,McCuish,amccuish26@wiley.com,Female,Mitsubishi,1992,Violet
80,Ali,Sparling,asparling27@ucoz.ru,Female,Volkswagen,2013,Crimson
81,Moyra,Jallin,mjallin28@amazon.de,Female,Chevrolet,2009,Fuscia
82,Jillayne,Vickers,jvickers29@aboutads.info,Female,Chevrolet,1993,Orange
83,Ralf,Betteriss,rbetteriss2a@taobao.com,Male,Bentley,2008,Teal
84,Robb,Petruska,rpetruska2b@go.com,Male,Hyundai,2006,Fuscia
85,Charlie,Ianittello,cianittello2c@scientificamerican.com,Male,Ford,2013,Maroon
86,Merry,Blundin,mblundin2d@reverbnation.com,Male,Lexus,1991,Teal
87,Estella,Megahey,emegahey2e@posterous.com,Female,Dodge,1992,Mauv
88,Georgiana,Morgen,gmorgen2f@loc.gov,Female,Lincoln,1986,Maroon
89,Alvis,Walewicz,awalewicz2g@cisco.com,Male,Saab,1990,Red
90,Gaspar,Klainman,gklainman2h@usa.gov,Male,Ford,2000,Maroon
91,Alf,Thoumasson,athoumasson2i@photobucket.com,Male,Mercedes-Benz,1999,Puce
92,Andee,Antunes,aantunes2j@google.it,Female,Suzuki,1994,Crimson
93,Claybourne,Colmore,ccolmore2k@cisco.com,Male,Volkswagen,1986,Green
94,Florence,Zack,fzack2l@smh.com.au,,Chevrolet,1994,Puce
95,Diann,Gillison,dgillison2m@posterous.com,Female,Chevrolet,1994,Blue
96,Osgood,McPhelimy,omcphelimy2n@canalblog.com,Male,Dodge,2003,Pink
97,Romain,Demangeon,rdemangeon2o@springer.com,Male,Dodge,2008,Indigo
98,Evelyn,Markos,emarkos2p@dedecms.com,Female,Chevrolet,2010,Mauv
99,Welsh,Basilio,wbasilio2q@craigslist.org,Male,Mercedes-Benz,1997,Fuscia
100,Jehanna,Joreau,jjoreau2r@furl.net,Female,Ford,1987,Yellow
101,Austine,Braams,abraams2s@slate.com,Female,Ford,2010,Aquamarine
102,Alford,Sango,asango2t@hatena.ne.jp,Male,Pontiac,1987,Teal
103,Manny,Voase,mvoase2u@oracle.com,Male,Maserati,1989,Yellow
104,Alard,Ogglebie,aogglebie2v@telegraph.co.uk,Male,GMC,2004,Orange
105,Babara,Enstone,benstone2w@etsy.com,Female,Lincoln,2006,Fuscia
106,Twyla,Peele,tpeele2x@gizmodo.com,Female,Pontiac,1989,Orange
107,Zaneta,Pratt,zpratt2y@pbs.org,,Mitsubishi,1992,Turquoise
108,Abram,Presser,apresser2z@cdbaby.com,Male,GMC,1993,Fuscia
109,Bert,Orrah,borrah30@51.la,Male,Lexus,1990,Crimson
110,Grannie,Phuprate,gphuprate31@army.mil,Male,BMW,2008,Goldenrod
111,Tilly,Monan,tmonan32@rakuten.co.jp,Female,Dodge,2011,Goldenrod
112,Rogerio,Morland,rmorland33@bloglines.com,Male,Porsche,2003,Turquoise
113,Butch,Holborn,bholborn34@bbb.org,Male,Kia,2009,Mauv
114,Stevana,Preto,spreto35@statcounter.com,Female,Ford,2011,Purple
115,Bunnie,Courson,bcourson36@hp.com,,Ford,1988,Pink
116,Malynda,Clack,mclack37@engadget.com,Female,Ford,1993,Khaki
117,Rad,Fitchell,rfitchell38@e-recht24.de,Male,Dodge,2000,Green
118,Brandea,Backshall,bbackshall39@imageshack.us,Female,Bentley,2011,Teal
119,Forrest,Backler,fbackler3a@amazon.co.jp,Male,Pontiac,1987,Yellow
120,Griffith,Hallyburton,ghallyburton3b@gnu.org,Male,Mitsubishi,1986,Blue
121,Doro,Achromov,dachromov3c@pagesperso-orange.fr,Female,Infiniti,1997,Pink
122,Raynor,Le Friec,rlefriec3d@e-recht24.de,Male,Porsche,2004,Puce
123,Claudette,Ottewell,cottewell3e@cbslocal.com,Female,MINI,2007,Orange
124,Greer,Di Antonio,gdiantonio3f@pcworld.com,Female,Dodge,1999,Turquoise
125,Meade,Corp,mcorp3g@hugedomains.com,Male,GMC,1996,Green
126,Burty,Kilbane,bkilbane3h@csmonitor.com,Male,BMW,1998,Aquamarine
127,Lauraine,Langham,llangham3i@reference.com,Female,Kia,2008,Violet
128,Amalea,Bigland,abigland3j@noaa.gov,Female,Mazda,2006,Mauv
129,Dolli,Robison,drobison3k@google.co.uk,Female,Mazda,2008,Goldenrod
130,Lotty,Asling,lasling3l@over-blog.com,Female,Hyundai,1994,Purple
131,Travers,Heasly,theasly3m@bloglines.com,Male,GMC,2005,Purple
132,Harley,Jull,hjull3n@mozilla.com,Female,Ford,1993,Orange
133,Sammie,Lipman,slipman3o@cbc.ca,Male,Aston Martin,2010,Red
134,Gayla,Dakhov,gdakhov3p@fastcompany.com,Female,BMW,2008,Goldenrod
135,Slade,Fleg,sfleg3q@globo.com,Male,Jaguar,2009,Indigo
136,Romona,Telfer,rtelfer3r@reddit.com,Female,,,
137,Jenny,Soitoux,jsoitoux3s@google.ru,Female,Chevrolet,2006,Khaki
138,Kahlil,Managh,kmanagh3t@eventbrite.com,Male,Mazda,2012,Teal
139,Culley,Paviour,cpaviour3u@quantcast.com,Male,Mazda,1985,Violet
140,Heidie,Cullington,hcullington3v@arstechnica.com,Female,Volvo,1999,Teal
141,Edy,Willgoose,ewillgoose3w@newsvine.com,Female,Kia,2010,Indigo
142,Neron,Pountain,npountain3x@discovery.com,Male,Mitsubishi,2009,Purple
143,Jacklin,Brodley,jbrodley3y@slate.com,Female,BMW,2011,Orange
144,Aura,Heibel,aheibel3z@house.gov,Female,Mitsubishi,1997,Yellow
145,Karla,McRoberts,kmcroberts40@apple.com,Female,Jeep,2006,Green
146,Edward,Thomson,ethomson41@elegantthemes.com,Male,Maserati,2009,Crimson
147,Winona,Petrulis,wpetrulis42@tumblr.com,,GMC,1995,Indigo
148,Adara,Skin,askin43@cisco.com,Female,Mercedes-Benz,1992,Pink
149,Anatol,Braden,abraden44@craigslist.org,Male,Dodge,2001,Purple
150,Lin,Kirwin,lkirwin45@nifty.com,Male,Mazda,1995,Khaki
151,Dotty,Baulch,dbaulch46@xinhuanet.com,Female,Suzuki,2010,Red
152,Caralie,Clubbe,cclubbe47@vimeo.com,Female,Toyota,1995,Orange
153,Patten,Tomczykiewicz,ptomczykiewicz48@cpanel.net,Male,Bentley,2005,Mauv
154,Kerry,Baugham,kbaugham49@myspace.com,,Mercury,1990,Puce
155,Nero,Gounet,ngounet4a@purevolume.com,Male,Suzuki,2007,Crimson
156,Kelbee,Swainger,kswainger4b@e-recht24.de,Male,Acura,2001,Green
157,Elsey,Withrop,ewithrop4c@merriam-webster.com,,Audi,2012,Crimson
158,Oliviero,Harvie,oharvie4d@t.co,Male,Chevrolet,2009,Aquamarine
159,Angelico,Goldstein,agoldstein4e@qq.com,Male,Cadillac,2007,Fuscia
160,Melosa,Rymer,mrymer4f@wordpress.org,Female,Toyota,2005,Purple
161,Briggs,Gravet,bgravet4g@mtv.com,Male,Jeep,2008,Goldenrod
162,Erena,Fayerman,efayerman4h@kickstarter.com,Female,Ford,1995,Goldenrod
163,Ranique,Daniells,rdaniells4i@tumblr.com,Female,Toyota,2005,Violet
164,Dominique,Scawen,dscawen4j@ed.gov,Male,Hyundai,2003,Violet
165,Neala,Stormouth,nstormouth4k@hugedomains.com,Female,Kia,1995,Maroon
166,Shelia,Ledram,sledram4l@yahoo.co.jp,Female,Audi,1989,Mauv
167,Templeton,Creeboe,tcreeboe4m@joomla.org,Male,Porsche,2009,Green
168,Barbara-anne,Slevin,bslevin4n@amazon.de,Female,Pontiac,1989,Orange
169,Shermie,Goodere,sgoodere4o@xing.com,Male,Volkswagen,2006,Pink
170,Matty,Fortin,mfortin4p@wikia.com,Male,Mitsubishi,1986,Teal
171,Melina,Cullinan,mcullinan4q@nps.gov,Female,Mitsubishi,2012,Violet
172,Torie,Bigmore,tbigmore4r@dedecms.com,Female,Kia,1998,Puce
173,Ganny,Chadwin,gchadwin4s@zdnet.com,Male,Mercedes-Benz,1988,Orange
174,Selie,Probetts,sprobetts4t@slideshare.net,Female,Buick,1989,Crimson
175,Darcy,Youens,dyouens4u@howstuffworks.com,Female,,,
176,Hiram,Baylis,hbaylis4v@plala.or.jp,Male,Mitsubishi,2002,Turquoise
177,Elyssa,Broske,ebroske4w@goo.gl,Female,Toyota,2005,Purple
178,Percy,Lenin,plenin4x@godaddy.com,Male,Chevrolet,2006,Red
179,Winn,McNee,wmcnee4y@bloglines.com,Male,Dodge,1994,Orange
180,Kirstyn,Roiz,kroiz4z@vkontakte.ru,Female,GMC,2008,Fuscia
181,Katya,Ferrulli,kferrulli50@ted.com,Female,Audi,2012,Turquoise
182,Augustine,Bromont,abromont51@bloglovin.com,Female,Audi,1988,Green
183,Jilly,Isaacson,jisaacson52@hp.com,Female,Mitsubishi,1994,Goldenrod
184,Evaleen,Clawson,eclawson53@behance.net,Female,Subaru,2006,Khaki
185,Egan,Torresi,etorresi54@howstuffworks.com,Male,Ford,2012,Purple
186,Jeannie,Kingsbury,jkingsbury55@ebay.co.uk,Female,Audi,2006,Turquoise
187,Shandie,Dundendale,sdundendale56@icq.com,Female,GMC,2006,Maroon
188,Myrtice,Beed,mbeed57@loc.gov,Female,Ford,2010,Indigo
189,Madge,Willgoose,mwillgoose58@over-blog.com,Female,Toyota,2008,Orange
190,Cathlene,Elias,celias59@fotki.com,Female,Chevrolet,2005,Orange
191,Brittaney,Bohlmann,bbohlmann5a@washingtonpost.com,Female,Chevrolet,2007,Turquoise
192,Sharon,Covet,scovet5b@goodreads.com,,Jeep,2011,Puce
193,Henryetta,Derill,hderill5c@linkedin.com,Female,Nissan,2012,Green
194,Morrie,Davidovich,mdavidovich5d@1und1.de,Male,Ford,1988,Purple
195,Andie,Fairall,afairall5e@google.it,Male,BMW,2008,Blue
196,Melisse,Dickman,mdickman5f@paypal.com,Female,Oldsmobile,2000,Pink
197,Aundrea,Mealand,amealand5g@themeforest.net,Female,Buick,1989,Orange
198,Malanie,Gavriel,mgavriel5h@loc.gov,Female,Oldsmobile,2001,Yellow
199,Gherardo,Mallinar,gmallinar5i@flickr.com,Male,Ford,1988,Red
200,Cozmo,Fronsek,cfronsek5j@salon.com,,GMC,2005,Yellow
201,Margalo,Gatenby,mgatenby5k@sohu.com,Female,Mazda,1986,Green
202,Lorrin,Berry,lberry5l@answers.com,Female,Toyota,2007,Yellow
203,Byrom,Harnor,bharnor5m@addtoany.com,Male,Buick,1991,Aquamarine
204,Georgie,Klauber,gklauber5n@sphinn.com,Male,Dodge,1994,Yellow
205,Tan,Bilovus,tbilovus5o@google.fr,Male,Buick,2000,Khaki
206,Jervis,Hunt,jhunt5p@vinaora.com,Male,BMW,2004,Khaki
207,Alexander,Cripin,acripin5q@yelp.com,Male,Pontiac,1964,Teal
208,Alberta,Geroldi,ageroldi5r@digg.com,Female,Mazda,2009,Fuscia
209,Conni,Layfield,clayfield5s@time.com,Female,Dodge,2004,Mauv
210,Joella,Shade,jshade5t@multiply.com,Female,GMC,2004,Orange
211,Ivor,Rene,irene5u@jigsy.com,Male,Eagle,1998,Indigo
212,Thorvald,Taillard,ttaillard5v@behance.net,Male,Cadillac,1999,Fuscia
213,Cinnamon,Blesli,cblesli5w@nydailynews.com,Female,Pontiac,2005,Turquoise
214,Caressa,Hurrion,churrion5x@si.edu,,Pontiac,1992,Purple
215,Hatty,Dimitresco,hdimitresco5y@aboutads.info,Female,Land Rover,2001,Fuscia
216,Hillyer,MacMeeking,hmacmeeking5z@myspace.com,Male,Subaru,1989,Goldenrod
217,Vivyan,Runnicles,vrunnicles60@joomla.org,Female,Volkswagen,1984,Aquamarine
218,Towney,Daintry,tdaintry61@bloglovin.com,Male,Ford,1997,Goldenrod
219,Aland,Pickerin,apickerin62@shutterfly.com,Male,Dodge,2007,Mauv
220,Meir,Stallen,mstallen63@4shared.com,Male,Mazda,2000,Blue
221,Guthrey,Nisot,gnisot64@vinaora.com,Male,Kia,2011,Yellow
222,Barnebas,Diloway,bdiloway65@uiuc.edu,Male,Mazda,1990,Maroon
223,Dolores,Glasard,dglasard66@ihg.com,Female,Volkswagen,2009,Turquoise
224,Riordan,Swynfen,rswynfen67@liveinternet.ru,Male,Ford,2000,Aquamarine
225,Emmaline,McIleen,emcileen68@delicious.com,Female,Dodge,2006,Red
226,Fabien,Parris,fparris69@multiply.com,Male,Honda,2007,Puce
227,Wendel,Eaglen,weaglen6a@eepurl.com,Male,Nissan,2012,Indigo
228,Augie,Fere,afere6b@cyberchimps.com,,Audi,1985,Indigo
229,Bengt,Matousek,bmatousek6c@reverbnation.com,Male,Chevrolet,2007,Orange
230,Cassandra,Dugald,cdugald6d@blogger.com,Female,Volkswagen,1995,Yellow
231,Devy,Kolis,dkolis6e@businessinsider.com,Male,Mitsubishi,1996,Indigo
232,April,Braemer,abraemer6f@ebay.co.uk,Female,Chevrolet,2004,Red
233,Frankie,Quayle,fquayle6g@ifeng.com,Male,BMW,2011,Maroon
234,Jill,Garm,jgarm6h@ihg.com,Female,Suzuki,2006,Indigo
235,Rena,Billsberry,rbillsberry6i@accuweather.com,Female,Dodge,1994,Khaki
236,Flss,Lamshead,flamshead6j@economist.com,Female,Audi,2009,Puce
237,Jennine,Mogey,jmogey6k@360.cn,Female,Mercedes-Benz,1984,Violet
238,Laverne,Datte,ldatte6l@wordpress.org,Female,Buick,2002,Mauv
239,Cristin,Pelerin,cpelerin6m@timesonline.co.uk,,Oldsmobile,1995,Khaki
240,Gerta,Causbey,gcausbey6n@weebly.com,Female,Nissan,2002,Teal
241,Kellby,Menelaws,kmenelaws6o@sciencedaily.com,,Infiniti,2007,Yellow
242,Thor,Oldman,toldman6p@state.tx.us,Male,Lincoln,1998,Red
243,Bonni,Scorthorne,bscorthorne6q@cdc.gov,Female,Chevrolet,1977,Yellow
244,Ursala,Torrese,utorrese6r@creativecommons.org,Female,Suzuki,1993,Blue
245,Kleon,Lauridsen,klauridsen6s@ovh.net,Male,Dodge,1993,Green
246,Roley,Matthesius,rmatthesius6t@answers.com,Male,Infiniti,2004,Yellow
247,Hinze,Kirlin,hkirlin6u@flavors.me,Male,Subaru,1999,Aquamarine
248,Iggy,Kinningley,ikinningley6v@nps.gov,Male,Plymouth,1994,Turquoise
249,Isabelle,Lightowler,ilightowler6w@people.com.cn,Female,Lotus,2011,Pink
250,Wolfie,Luigi,wluigi6x@google.co.jp,Male,Dodge,1976,Violet
251,Jacquelynn,McCaskill,jmccaskill6y@springer.com,Female,Bentley,2011,Purple
252,Frannie,Vasile,fvasile6z@github.io,Female,Chevrolet,1997,Indigo
253,Shaylah,Champley,schampley70@printfriendly.com,Female,Dodge,2008,Violet
254,Jdavie,Crickmore,jcrickmore71@technorati.com,Male,Acura,2003,Green
255,Ferrel,Zanussii,fzanussii72@unicef.org,Male,Eagle,1995,Blue
256,Judas,Ofen,jofen73@samsung.com,Male,Subaru,2003,Indigo
257,Thane,Jakubowsky,tjakubowsky74@answers.com,,Honda,1997,Blue
258,Selena,Longford,slongford75@arizona.edu,Female,Porsche,2011,Red
259,Gino,Wardle,gwardle76@constantcontact.com,Male,Smart,2011,Teal
260,Zsazsa,McAuliffe,zmcauliffe77@cafepress.com,Female,Kia,2012,Red
261,Marya,Bernath,mbernath78@webs.com,Female,Pontiac,1994,Yellow
262,Felita,McCrea,fmccrea79@w3.org,Female,Mercury,1993,Indigo
263,Ilysa,Thornley,ithornley7a@yellowpages.com,Female,Geo,1995,Blue
264,Deane,Bleue,dbleue7b@a8.net,Male,Audi,1991,Aquamarine
265,Lee,Marwood,lmarwood7c@house.gov,Female,Lexus,2009,Aquamarine
266,Jayme,Catto,jcatto7d@edublogs.org,Female,Pontiac,1981,Teal
267,Broderic,Shawcross,bshawcross7e@upenn.edu,Male,Honda,2011,Crimson
268,Celie,Feaveryear,cfeaveryear7f@yahoo.co.jp,Female,Mercedes-Benz,2008,Crimson
269,Jenna,Balaison,jbalaison7g@eepurl.com,Female,Pontiac,2005,Pink
270,Fraze,Jurzyk,fjurzyk7h@blog.com,Male,Honda,2005,Aquamarine
271,Locke,Gabites,lgabites7i@squidoo.com,Male,Ford,2011,Fuscia
272,Pippo,Scrowton,pscrowton7j@dyndns.org,Male,Chevrolet,1984,Teal
273,Shellie,Laherty,slaherty7k@cloudflare.com,Female,,,
274,Giralda,Poulston,gpoulston7l@imdb.com,Female,Ford,2010,Goldenrod
275,Nicholle,Maffei,nmaffei7m@example.com,Female,BMW,2009,Pink
276,Estelle,Vannar,evannar7n@go.com,Female,Mazda,1983,Indigo
277,Piper,Pallis,ppallis7o@people.com.cn,Female,Buick,1997,Goldenrod
278,Bil,Raunds,braunds7p@constantcontact.com,Male,MINI,2011,Maroon
279,Orson,Mennell,omennell7q@skyrock.com,Male,Mercury,2002,Puce
280,Georgie,Berthel,gberthel7r@about.com,Female,Ford,1992,Green
281,Adriane,Duquesnay,aduquesnay7s@youtu.be,Female,Mazda,2005,Turquoise
282,Fonsie,Tunna,ftunna7t@google.it,Male,Lexus,2002,Pink
283,Ches,Fibbens,cfibbens7u@mashable.com,,Lexus,2005,Indigo
284,Fayina,Lightman,flightman7v@moonfruit.com,Female,Kia,2007,Yellow
285,Germaine,Mace,gmace7w@wikimedia.org,Male,Chevrolet,1997,Teal
286,Ibrahim,Aspall,iaspall7x@alibaba.com,Male,Audi,1999,Red
287,Pepita,Flay,pflay7y@bizjournals.com,Female,Mitsubishi,2012,Maroon
288,Vin,Roget,vroget7z@etsy.com,Female,Cadillac,1997,Teal
289,Brande,Dyter,bdyter80@netlog.com,Female,Lexus,1999,Pink
290,Wash,Copo,wcopo81@kickstarter.com,Male,Toyota,2010,Indigo
291,Lindsey,Rotchell,lrotchell82@issuu.com,Male,Lexus,2000,Orange
292,Reggy,Zanetti,rzanetti83@gizmodo.com,Male,Toyota,1997,Aquamarine
293,Rosette,Sherington,rsherington84@unc.edu,Female,Audi,1991,Teal
294,Wendeline,Duce,wduce85@topsy.com,Female,BMW,2007,Red
295,Leonidas,Budding,lbudding86@elegantthemes.com,Male,Toyota,1997,Blue
296,Prent,Broadnicke,pbroadnicke87@sitemeter.com,Male,Oldsmobile,1996,Khaki
297,Kaspar,Udey,kudey88@pagesperso-orange.fr,Male,Chevrolet,2011,Blue
298,Gianna,Copyn,gcopyn89@studiopress.com,,Honda,2005,Maroon
299,Jessey,Malec,jmalec8a@vk.com,Male,Mercedes-Benz,2011,Red
300,Georgianne,Trathen,gtrathen8b@shareasale.com,Female,Toyota,1992,Orange
301,Stephine,Togher,stogher8c@hibu.com,Female,,,
302,Austin,Forsdicke,aforsdicke8d@techcrunch.com,Female,,,
303,Theodora,Beagles,tbeagles8e@pcworld.com,Female,Porsche,1999,Indigo
304,Cyrill,Haugh,chaugh8f@jimdo.com,Male,Buick,1985,Mauv
305,Timmie,Gaggen,tgaggen8g@google.it,Male,Cadillac,2010,Khaki
306,Tammi,Chasen,tchasen8h@weebly.com,Female,Suzuki,2001,Puce
307,Daryl,Shiels,dshiels8i@webmd.com,Male,Chevrolet,2002,Indigo
308,Ashlin,Raiment,araiment8j@constantcontact.com,Male,Toyota,2012,Mauv
309,Hermie,Parsand,hparsand8k@hugedomains.com,Male,Jaguar,2011,Orange
310,Kelly,Greenig,kgreenig8l@bigcartel.com,Male,Volkswagen,1987,Red
311,Elnore,Kobierra,ekobierra8m@ning.com,Female,,,
312,Wileen,Moodie,wmoodie8n@google.co.uk,Female,Mercedes-Benz,1999,Pink
313,Kip,Jehan,kjehan8o@noaa.gov,Male,Ford,1996,Goldenrod
314,Beauregard,Medlar,bmedlar8p@answers.com,Male,Ram,2012,Green
315,Ofilia,Keerl,okeerl8q@npr.org,Female,Hyundai,2011,Goldenrod
316,Blisse,Docket,bdocket8r@wordpress.com,Female,Chevrolet,2005,Pink
317,Domingo,Towns,dtowns8s@msn.com,Male,Cadillac,2005,Aquamarine
318,Lu,Pitkins,lpitkins8t@census.gov,Female,Toyota,2004,Indigo
319,Perren,Brader,pbrader8u@parallels.com,Male,Chevrolet,2006,Yellow
320,Krisha,Oppery,koppery8v@twitpic.com,Male,Chevrolet,1992,Yellow
321,Madlin,Sargison,msargison8w@livejournal.com,,Audi,1994,Orange
322,Augustus,Airs,aairs8x@e-recht24.de,Male,Toyota,2005,Aquamarine
323,Herta,Bagot,hbagot8y@virginia.edu,Female,GMC,1999,Green
324,Ingrim,Morrowe,imorrowe8z@spiegel.de,,Bentley,2009,Orange
325,George,Sockell,gsockell90@jalbum.net,Female,Pontiac,2001,Maroon
326,Viola,Hanhard,vhanhard91@delicious.com,Female,Honda,1994,Orange
327,Penni,Fearon,pfearon92@qq.com,Female,Toyota,2007,Violet
328,Salaidh,Lavrick,slavrick93@printfriendly.com,Female,Hyundai,2002,Goldenrod
329,Alissa,Abramino,aabramino94@facebook.com,Female,GMC,2002,Crimson
330,Dedra,Rubinowitsch,drubinowitsch95@sfgate.com,Female,,,
331,Wendell,Yetton,wyetton96@npr.org,Male,Jeep,2001,Mauv
332,Maryl,Huckerbe,mhuckerbe97@github.com,Female,Nissan,1992,Crimson
333,Orville,Shiels,oshiels98@unblog.fr,Male,Cadillac,2006,Pink
334,Marco,Helm,mhelm99@cpanel.net,Male,Ford,1988,Turquoise
335,Almeta,Fansy,afansy9a@zdnet.com,Female,Ford,2002,Maroon
336,Nita,Harroway,nharroway9b@arizona.edu,Female,Chevrolet,2007,Turquoise
337,Coralyn,Jellis,cjellis9c@wisc.edu,Female,Saab,1995,Pink
338,Irwinn,Pizzey,ipizzey9d@woothemes.com,Male,Ford,2010,Purple
339,Mal,Benedyktowicz,mbenedyktowicz9e@hubpages.com,Male,Nissan,2012,Maroon
340,Husain,Qualtrough,hqualtrough9f@google.com.au,,Lexus,2005,Aquamarine
341,Hillard,Nutkins,hnutkins9g@gov.uk,Male,GMC,1992,Turquoise
342,Ronny,Dysert,rdysert9h@ft.com,Female,Subaru,1997,Green
343,Addia,Lamming,alamming9i@cloudflare.com,Female,Lincoln,1986,Turquoise
344,Constantine,Baskeyfied,cbaskeyfied9j@zimbio.com,Male,Pontiac,1964,Red
345,Mady,Dmitrichenko,mdmitrichenko9k@mashable.com,Female,Dodge,1999,Teal
346,Theodor,Leahy,tleahy9l@cpanel.net,Male,Pontiac,2005,Orange
347,Lionello,Jallin,ljallin9m@meetup.com,Male,Ford,2001,Purple
348,Butch,Taber,btaber9n@google.cn,Male,Chevrolet,2008,Orange
349,Walsh,Banaszkiewicz,wbanaszkiewicz9o@comcast.net,Male,Subaru,2010,Pink
350,Aprilette,Hatz,ahatz9p@acquirethisname.com,,Chevrolet,1994,Aquamarine
351,Aile,Frensch,afrensch9q@statcounter.com,Female,Porsche,2003,Orange
352,Shirleen,McGarva,smcgarva9r@harvard.edu,Female,Mercury,1996,Green
353,Hurleigh,Bolton,hbolton9s@blogtalkradio.com,,BMW,2008,Goldenrod
354,Aloysius,Newton,anewton9t@time.com,Male,Ford,1998,Turquoise
355,Grannie,McBryde,gmcbryde9u@adobe.com,Male,Dodge,2006,Purple
356,Gunar,Lezemore,glezemore9v@princeton.edu,Male,Volvo,2009,Violet
357,Margery,Trimming,mtrimming9w@photobucket.com,Female,,,
358,Mort,Ellsom,mellsom9x@opensource.org,,Subaru,1994,Yellow
359,Allin,Friday,afriday9y@51.la,Male,Ford,2011,Maroon
360,Barton,Culpan,bculpan9z@xing.com,Male,,,
361,Justinian,Mannering,jmanneringa0@mysql.com,,Audi,2010,Red
362,Faustine,Raubenheim,fraubenheima1@yelp.com,Female,Nissan,2004,Violet
363,Arabella,Duffy,aduffya2@com.com,,Ford,2008,Goldenrod
364,Max,Duker,mdukera3@tumblr.com,Male,Pontiac,1968,Khaki
365,Jan,Roggerone,jroggeronea4@ed.gov,Female,Rolls-Royce,2011,Teal
366,Juliet,Rosiello,jrosielloa5@tumblr.com,Female,Pontiac,1993,Fuscia
367,Dan,Harget,dhargeta6@bbc.co.uk,Male,Toyota,2000,Teal
368,Adeline,Poker,apokera7@php.net,Female,Ford,2011,Puce
369,Shepard,Kalkhoven,skalkhovena8@spiegel.de,Male,Suzuki,2008,Violet
370,Ginny,Elrick,gelricka9@ifeng.com,Female,Jaguar,1995,Orange
371,Gabrila,Bardill,gbardillaa@geocities.jp,Female,,,
372,Saba,Maffione,smaffioneab@ucsd.edu,Female,Audi,1997,Teal
373,Sax,Drynan,sdrynanac@360.cn,Male,Acura,2003,Maroon
374,Cindi,Tranfield,ctranfieldad@ow.ly,Female,Porsche,2005,Red
375,Duke,Clausewitz,dclausewitzae@issuu.com,Male,Saab,1984,Indigo
376,Carey,Conechie,cconechieaf@gov.uk,Male,Lotus,2004,Turquoise
377,Datha,Kirsch,dkirschag@wordpress.org,Female,Ford,1998,Orange
378,Ellerey,Forgie,eforgieah@ox.ac.uk,Male,Subaru,1993,Mauv
379,Walton,Stares,wstaresai@eventbrite.com,Male,Mitsubishi,1987,Crimson
380,Nance,Day,ndayaj@goo.gl,Female,Lincoln,2007,Red
381,Carmine,Eastwood,ceastwoodak@bing.com,Female,Acura,1996,Green
382,Oralee,Ferriere,oferriereal@angelfire.com,Female,Suzuki,2004,Maroon
383,Pearla,Gilcrist,pgilcristam@youtube.com,Female,Ford,1992,Violet
384,Marylou,Antrag,mantragan@geocities.jp,Female,Honda,1989,Turquoise
385,Gwenny,Stoate,gstoateao@4shared.com,Female,BMW,2012,Green
386,Joshia,Hush,jhushap@dropbox.com,,Lotus,2011,Puce
387,Marquita,Brok,mbrokaq@auda.org.au,Female,Mercedes-Benz,1990,Yellow
388,Christoph,Haydney,chaydneyar@amazon.de,Male,Morgan,2009,Maroon
389,Nicoline,Lamble,nlambleas@thetimes.co.uk,Female,Buick,2009,Orange
390,Waylan,Tregien,wtregienat@psu.edu,Male,Lincoln,2005,Goldenrod
391,Urban,Briand,ubriandau@cnn.com,Male,Cadillac,2006,Orange
392,Quinn,Galland,qgallandav@vkontakte.ru,Female,Volvo,2001,Green
393,Alfy,Ree,areeaw@vkontakte.ru,Male,Lincoln,1995,Khaki
394,Clayton,Jockle,cjockleax@globo.com,Male,Ford,1991,Orange
395,Buddie,Galley,bgalleyay@bravesites.com,Male,Audi,2011,Mauv
396,Baxter,Tropman,btropmanaz@ed.gov,Male,Nissan,2012,Turquoise
397,Linnea,L'Episcopi,llepiscopib0@homestead.com,Female,Pontiac,2006,Indigo
398,Nanete,Trenear,ntrenearb1@cnn.com,Female,Buick,1996,Indigo
399,Eadith,Joncic,ejoncicb2@example.com,,Ford,2010,Green
400,Penelope,Symmers,psymmersb3@shutterfly.com,,Pontiac,1996,Puce
401,Bartolomeo,Shewan,bshewanb4@hao123.com,Male,Ford,1994,Orange
402,Corri,Klimushev,cklimushevb5@wordpress.org,Female,Lexus,2006,Green
403,Jermain,Baggarley,jbaggarleyb6@behance.net,Male,Ford,1998,Turquoise
404,Mab,Facey,mfaceyb7@stumbleupon.com,Female,Mercury,2008,Purple
405,Mattheus,Crystal,mcrystalb8@alibaba.com,Male,Hyundai,2003,Turquoise
406,Eolanda,Fell,efellb9@instagram.com,Female,Chevrolet,2010,Purple
407,Lucias,Valencia,lvalenciaba@biblegateway.com,Male,Acura,2010,Red
408,Caty,Dugget,cduggetbb@omniture.com,Female,Ford,1994,Turquoise
409,Gayle,Rangell,grangellbc@usgs.gov,Female,Isuzu,1997,Teal
410,Ignace,Buckoke,ibuckokebd@webeden.co.uk,Male,Shelby,1969,Violet
411,Ariadne,La Croce,alacrocebe@phoca.cz,Female,Pontiac,1986,Mauv
412,Rollie,Folliss,rfollissbf@t-online.de,Male,Honda,1994,Mauv
413,Clovis,Mainland,cmainlandbg@nbcnews.com,Female,Mitsubishi,2006,Goldenrod
414,Elsbeth,Vakhrushin,evakhrushinbh@amazon.de,Female,Toyota,1992,Mauv
415,Buffy,Diamant,bdiamantbi@1und1.de,Female,Chevrolet,2007,Indigo
416,Sully,Middle,smiddlebj@apple.com,Male,Lincoln,1988,Purple
417,Jonathon,Freckelton,jfreckeltonbk@wired.com,Male,Oldsmobile,1998,Yellow
418,Clair,Gawthorpe,cgawthorpebl@ebay.com,Male,Chrysler,1993,Purple
419,Tamqrah,Cherry,tcherrybm@bing.com,Female,Ford,2007,Violet
420,Brear,Townsend,btownsendbn@admin.ch,,Aston Martin,2010,Crimson
421,Solly,Radbourn,sradbournbo@nature.com,Male,Pontiac,1967,Violet
422,Shannon,Gilhoolie,sgilhooliebp@exblog.jp,Female,GMC,2000,Green
423,Kerk,Beggin,kbegginbq@soup.io,Male,Jeep,1997,Maroon
424,Moselle,Matuszynski,mmatuszynskibr@elegantthemes.com,Female,MINI,2011,Red
425,Gav,Boodell,gboodellbs@opensource.org,Male,Ford,2001,Maroon
426,Sergeant,Alben,salbenbt@wordpress.org,Male,Cadillac,1995,Blue
427,Callie,Carlett,ccarlettbu@exblog.jp,Female,Toyota,2010,Crimson
428,Thane,Nield,tnieldbv@histats.com,Male,Oldsmobile,1997,Turquoise
429,Bunnie,Widmore,bwidmorebw@digg.com,Female,Volkswagen,2010,Puce
430,Prinz,Murkin,pmurkinbx@un.org,Male,Ford,1996,Blue
431,Ephrem,Sircomb,esircombby@usa.gov,Male,Toyota,1994,Blue
432,Corrie,Matyugin,cmatyuginbz@woothemes.com,Male,Cadillac,1998,Green
433,Joelynn,Southan,jsouthanc0@nymag.com,Female,Pontiac,1988,Orange
434,Celia,Worwood,cworwoodc1@netscape.com,Female,Ford,1995,Khaki
435,Berton,Kauschke,bkauschkec2@netvibes.com,Male,Subaru,2003,Goldenrod
436,Terri,Doggart,tdoggartc3@symantec.com,Male,Bentley,2008,Fuscia
437,Rania,Harrisson,rharrissonc4@utexas.edu,,Ford,2000,Green
438,Otes,Pedroni,opedronic5@craigslist.org,Male,Ford,1988,Green
439,Ellary,Popham,epophamc6@meetup.com,Male,Volkswagen,2004,Crimson
440,Cordelie,Carlile,ccarlilec7@geocities.com,Female,Isuzu,1993,Khaki
441,Renelle,Leadbetter,rleadbetterc8@mozilla.com,,BMW,1997,Red
442,Parke,Frowde,pfrowdec9@slideshare.net,,Lexus,1989,Crimson
443,Babbette,Lowder,blowderca@myspace.com,Female,,,
444,Keefe,Stucke,kstuckecb@163.com,Male,Jensen,1967,Fuscia
445,Brigitta,MacCrossan,bmaccrossancc@vistaprint.com,Female,GMC,1994,Turquoise
446,Siouxie,Spaven,sspavencd@weebly.com,Female,Jeep,2007,Aquamarine
447,Inglis,Payn,ipaynce@163.com,,Chevrolet,1993,Teal
448,Johan,Puttan,jputtancf@stumbleupon.com,Male,Isuzu,1998,Green
449,Archibald,Jimpson,ajimpsoncg@google.ca,Male,Audi,2008,Yellow
450,Artemas,Rhule,arhulech@dion.ne.jp,Male,Lexus,2007,Teal
451,Dunstan,Toppas,dtoppasci@archive.org,Male,Chevrolet,2012,Yellow
452,Byrom,Bartolozzi,bbartolozzicj@state.tx.us,Male,Ford,1999,Goldenrod
453,Colas,Andrieu,candrieuck@naver.com,Male,GMC,2006,Khaki
454,Sheppard,Ferronel,sferronelcl@amazon.de,Male,Oldsmobile,1996,Pink
455,Jeana,Duddell,jduddellcm@google.nl,Female,Honda,2003,Turquoise
456,Robinet,De la Barre,rdelabarrecn@cargocollective.com,Female,Mazda,1995,Crimson
457,Theodosia,Bowmer,tbowmerco@dot.gov,Female,Honda,2011,Maroon
458,Alyssa,Potteridge,apotteridgecp@posterous.com,Female,Aston Martin,2009,Crimson
459,Eugen,Tailour,etailourcq@mozilla.org,Male,Dodge,1998,Violet
460,Silvester,Mordanti,smordanticr@123-reg.co.uk,Male,Mazda,1984,Aquamarine
461,Bryana,Branno,bbrannocs@skyrock.com,Female,,,
462,Noby,Matley,nmatleyct@oaic.gov.au,Male,BMW,1995,Turquoise
463,Bax,Hause,bhausecu@answers.com,Male,Mercury,1999,Purple
464,Shalne,Pountney,spountneycv@google.nl,Female,Cadillac,2006,Blue
465,Tracy,Moorman,tmoormancw@taobao.com,Female,GMC,2001,Teal
466,Kimble,Koppe,kkoppecx@tinyurl.com,Male,Mercedes-Benz,2007,Maroon
467,Darcie,Vannozzii,dvannozziicy@mit.edu,Female,Subaru,2001,Teal
468,Valene,Tuff,vtuffcz@dropbox.com,Female,Chrysler,2009,Khaki
469,Tracy,Bodle,tbodled0@webmd.com,Female,Dodge,1993,Goldenrod
470,Kale,Philpotts,kphilpottsd1@discovery.com,,Chevrolet,1963,Yellow
471,Prentiss,Albion,palbiond2@wunderground.com,Male,Mazda,2003,Purple
472,Tad,McClancy,tmcclancyd3@wix.com,Male,Mitsubishi,1996,Khaki
473,Burnaby,Walwood,bwalwoodd4@topsy.com,Male,Chrysler,2001,Indigo
474,Helena,Lantaff,hlantaffd5@creativecommons.org,Female,Ford,2001,Violet
475,Valli,Lehemann,vlehemannd6@homestead.com,Female,Dodge,2003,Aquamarine
476,Kristopher,Gores,kgoresd7@trellian.com,Male,Nissan,2011,Green
477,Garland,Commins,gcomminsd8@intel.com,Female,Ford,2011,Teal
478,Ira,Eastcourt,ieastcourtd9@theglobeandmail.com,Female,Toyota,2011,Blue
479,Sol,Braidwood,sbraidwoodda@wired.com,Male,Dodge,1992,Indigo
480,Otha,Nanson,onansondb@engadget.com,Female,BMW,2008,Indigo
481,Kyle,Sea,kseadc@umich.edu,Male,Hyundai,2011,Pink
482,Linn,Courtenay,lcourtenaydd@cdc.gov,Male,Chevrolet,1994,Maroon
483,Florance,Metson,fmetsonde@myspace.com,Female,Chevrolet,2002,Blue
484,Trey,Divers,tdiversdf@163.com,Male,Ford,2003,Crimson
485,Sonny,Whalebelly,swhalebellydg@yahoo.com,Male,Suzuki,1987,Fuscia
486,Maude,Peppett,mpeppettdh@live.com,,Jeep,2002,Mauv
487,Hill,Crampsey,hcrampseydi@eventbrite.com,Male,Hyundai,2009,Mauv
488,Wheeler,Pedden,wpeddendj@domainmarket.com,Male,GMC,2006,Crimson
489,Kym,Crossley,kcrossleydk@reference.com,Female,Chevrolet,1980,Blue
490,Kev,Rentenbeck,krentenbeckdl@de.vu,Male,Suzuki,2004,Puce
491,Dory,Carillo,dcarillodm@state.gov,Male,Lexus,1997,Mauv
492,Yorgo,Rego,yregodn@wufoo.com,,Jaguar,2011,Indigo
493,Valene,Gadault,vgadaultdo@mlb.com,Female,Mercury,1987,Fuscia
494,Dell,Breckell,dbreckelldp@toplist.cz,Female,Saturn,2006,Aquamarine
495,Bev,Deguara,bdeguaradq@berkeley.edu,Female,Toyota,2011,Red
496,Nikolaos,Turford,nturforddr@google.com.br,Male,Nissan,2012,Indigo
497,Fleming,Mushrow,fmushrowds@sakura.ne.jp,Male,Acura,2001,Yellow
498,Shawnee,Duferie,sduferiedt@cornell.edu,Female,Volvo,2012,Mauv
499,Madelaine,Philbin,mphilbindu@goodreads.com,Female,GMC,1999,Orange
500,Donica,Balham,dbalhamdv@telegraph.co.uk,Female,Land Rover,1990,Pink
501,Baxter,Causier,bcausierdw@illinois.edu,Male,Audi,2011,Violet
502,Teodoor,Lennard,tlennarddx@ox.ac.uk,Male,Lincoln,1998,Mauv
503,Ailey,Sweating,asweatingdy@google.com.au,Female,Chevrolet,2010,Blue
504,Darell,Normansell,dnormanselldz@nature.com,Female,Aston Martin,2012,Pink
505,Dyanne,Calder,dcaldere0@nymag.com,Female,Toyota,1997,Mauv
506,Arther,Jarman,ajarmane1@si.edu,,Saab,2007,Aquamarine
507,Lizbeth,Death,ldeathe2@weebly.com,Female,Mercedes-Benz,1992,Teal
508,Burk,Lambourne,blambournee3@who.int,Male,,,
509,Holmes,Trawin,htrawine4@4shared.com,Male,Mazda,1995,Crimson
510,Sabina,Barlee,sbarleee5@youku.com,Female,Mitsubishi,2000,Khaki
511,Fawnia,Fickling,fficklinge6@dot.gov,Female,GMC,1993,Pink
512,Bran,Ridgway,bridgwaye7@meetup.com,Male,Mercury,1993,Violet
513,Agosto,Jozwicki,ajozwickie8@taobao.com,Male,Ford,2001,Aquamarine
514,Patton,Dorsett,pdorsette9@disqus.com,Male,Mitsubishi,1996,Orange
515,Kellyann,Knolles-Green,kknollesgreenea@t-online.de,Female,Ford,1988,Orange
516,Rudd,Rampton,rramptoneb@mashable.com,Male,Ford,2004,Orange
517,Aindrea,Bittany,abittanyec@dion.ne.jp,Female,Volvo,1998,Goldenrod
518,Nanni,Drohun,ndrohuned@mit.edu,Female,Dodge,2002,Puce
519,Arleyne,Warman,awarmanee@reference.com,Female,GMC,2010,Crimson
520,Tyler,La Vigne,tlavigneef@loc.gov,Male,Land Rover,1993,Goldenrod
521,York,Coenraets,ycoenraetseg@go.com,,Land Rover,2007,Maroon
522,Durward,Cornu,dcornueh@abc.net.au,Male,Infiniti,2008,Indigo
523,Isador,Weatherup,iweatherupei@java.com,Male,Pontiac,1999,Green
524,Yvette,Cheke,ychekeej@hubpages.com,Female,Subaru,1998,Teal
525,Nappy,Bruce,nbruceek@1und1.de,Male,Maserati,1990,Fuscia
526,Velma,Stanning,vstanningel@domainmarket.com,Female,Isuzu,1995,Turquoise
527,Elli,Jewis,ejewisem@hao123.com,Female,Suzuki,2006,Red
528,Durant,Topliss,dtoplissen@guardian.co.uk,Male,Ford,2009,Crimson
529,Annetta,Audrey,aaudreyeo@digg.com,Female,BMW,2007,Violet
530,Vera,Macveigh,vmacveighep@mashable.com,Female,Chevrolet,2008,Yellow
531,Gaspard,Daintier,gdaintiereq@kickstarter.com,Male,Toyota,2003,Pink
532,Kaine,MacKartan,kmackartaner@seattletimes.com,Male,Kia,2006,Green
533,Vaughn,Tuma,vtumaes@networkadvertising.org,Male,,,
534,Maynord,Inns,minnset@nationalgeographic.com,Male,Lincoln,1998,Mauv
535,Ashlen,Tippetts,atippettseu@mashable.com,Female,Audi,1996,Aquamarine
536,Stesha,Wickardt,swickardtev@google.cn,,Buick,1992,Fuscia
537,Deane,Eisenberg,deisenbergew@wix.com,Male,Mitsubishi,2002,Khaki
538,Maria,Clink,mclinkex@hexun.com,Female,Mitsubishi,2001,Red
539,Ricoriki,Saturley,rsaturleyey@dailymotion.com,Male,Mercedes-Benz,1991,Pink
540,Saw,Bedlington,sbedlingtonez@trellian.com,Male,Chevrolet,1996,Goldenrod
541,Lise,Bursell,lbursellf0@dedecms.com,Female,Toyota,2006,Red
542,Joy,Hatherleigh,jhatherleighf1@china.com.cn,Female,Ford,1989,Fuscia
543,Ursala,Lochet,ulochetf2@cdbaby.com,Female,Mitsubishi,1999,Pink
544,Jillayne,Cud,jcudf3@elpais.com,Female,GMC,2006,Mauv
545,Blakeley,Durrell,bdurrellf4@blogger.com,Female,Eagle,1992,Violet
546,Janos,Spenceley,jspenceleyf5@rambler.ru,Male,Dodge,1998,Fuscia
547,Erv,Spolton,espoltonf6@webeden.co.uk,Male,Kia,2008,Purple
548,Alf,Corneljes,acorneljesf7@statcounter.com,Male,Mazda,1994,Maroon
549,Hetti,Mallinson,hmallinsonf8@patch.com,Female,Chevrolet,1992,Mauv
550,Bruis,Boomes,bboomesf9@yale.edu,Male,Cadillac,2004,Green
551,Marieann,Tupp,mtuppfa@time.com,Female,Ford,1989,Goldenrod
552,Roxane,Alphonso,ralphonsofb@tumblr.com,Female,Mercury,1986,Red
553,Jedediah,Edgerton,jedgertonfc@unblog.fr,Male,Ford,1984,Green
554,Rey,Bernon,rbernonfd@blogs.com,Female,Maybach,2008,Pink
555,Tallulah,Jelks,tjelksfe@webmd.com,Female,Audi,2009,Pink
556,Renato,Schaumann,rschaumannff@ca.gov,Male,Dodge,1998,Turquoise
557,Wayland,Glasscoe,wglasscoefg@instagram.com,Male,,,
558,Buckie,Ure,burefh@huffingtonpost.com,Male,Chrysler,1926,Goldenrod
559,Cecelia,Wateridge,cwateridgefi@hostgator.com,Female,Ford,1995,Maroon
560,Ricca,Gaythwaite,rgaythwaitefj@bloomberg.com,Female,Ford,1989,Yellow
561,Tawnya,Dollimore,tdollimorefk@thetimes.co.uk,Female,,,
562,Haslett,Sabberton,hsabbertonfl@umn.edu,Male,Infiniti,2008,Indigo
563,Ransell,Boddy,rboddyfm@example.com,,Lincoln,1985,Turquoise
564,Miquela,Fliege,mfliegefn@networksolutions.com,Female,Pontiac,1989,Puce
565,Binny,Colston,bcolstonfo@pbs.org,Female,Mitsubishi,1988,Khaki
566,Elijah,Skipperbottom,eskipperbottomfp@hibu.com,Male,Mercury,1999,Khaki
567,Deirdre,Pittman,dpittmanfq@spotify.com,Female,Infiniti,2011,Indigo
568,Corrie,Noon,cnoonfr@live.com,Male,GMC,1994,Pink
569,Friederike,Mereweather,fmereweatherfs@ehow.com,Female,Plymouth,1992,Yellow
570,Hamilton,Jennings,hjenningsft@oakley.com,Male,Dodge,2002,Aquamarine
571,Jules,Lusted,jlustedfu@amazon.co.jp,Male,Pontiac,2005,Mauv
572,Zachery,Comizzoli,zcomizzolifv@oracle.com,Male,Mitsubishi,2010,Violet
573,Kermit,Fenton,kfentonfw@prlog.org,Male,Lotus,2007,Fuscia
574,Yovonnda,Menault,ymenaultfx@wunderground.com,Female,Toyota,2013,Orange
575,Nannette,Okeshott,nokeshottfy@oaic.gov.au,,Volkswagen,1995,Violet
576,Dilan,Reasce,dreascefz@cnn.com,Male,Buick,2005,Maroon
577,Anneliese,Babe,ababeg0@mapy.cz,Female,Mercedes-Benz,2004,Turquoise
578,Valentino,Abrahamoff,vabrahamoffg1@ameblo.jp,Male,Dodge,1998,Blue
579,Mayor,Streeter,mstreeterg2@uiuc.edu,,Mercedes-Benz,2004,Puce
580,Gertrudis,Cornfield,gcornfieldg3@redcross.org,Female,Lamborghini,1988,Violet
581,Meredith,Blackater,mblackaterg4@feedburner.com,Male,Mercury,1987,Green
582,Chery,Yoselevitch,cyoselevitchg5@yellowbook.com,Female,Volkswagen,1999,Green
583,Raddy,Van Daalen,rvandaaleng6@goo.gl,Male,Nissan,1997,Red
584,Maddy,Byer,mbyerg7@networkadvertising.org,Female,Ford,1989,Blue
585,Travis,Brinsden,tbrinsdeng8@ebay.co.uk,,Mitsubishi,1988,Puce
586,Meade,Martinolli,mmartinollig9@tumblr.com,Female,Nissan,2009,Turquoise
587,Silva,Villaron,svillaronga@msn.com,Female,Dodge,1993,Turquoise
588,Ursula,Corrie,ucorriegb@comsenz.com,Female,Kia,2007,Orange
589,Homer,Toler,htolergc@i2i.jp,Male,Suzuki,2006,Goldenrod
590,Clint,Richen,crichengd@cdbaby.com,Male,Mitsubishi,2001,Green
591,Moise,Lonie,mloniege@vk.com,Male,Acura,1994,Yellow
592,Bradford,Cheley,bcheleygf@mtv.com,Male,Ford,1986,Maroon
593,Louisa,Middleweek,lmiddleweekgg@miibeian.gov.cn,Female,Oldsmobile,1997,Turquoise
594,Bidget,Boule,bboulegh@kickstarter.com,Female,Ford,1997,Teal
595,Anthony,Woollett,awoollettgi@squarespace.com,Male,Acura,1994,Goldenrod
596,Giulietta,Lawlie,glawliegj@simplemachines.org,Female,Ford,2010,Blue
597,Neale,Rowsell,nrowsellgk@prweb.com,Male,Land Rover,1997,Aquamarine
598,Cale,Dantesia,cdantesiagl@ucsd.edu,Male,Volvo,2005,Orange
599,Donnamarie,Minico,dminicogm@last.fm,Female,Cadillac,2005,Teal
600,Goldarina,Youings,gyouingsgn@va.gov,Female,Ford,2009,Puce
601,Veda,Shearme,vshearmego@msn.com,Female,Saab,1987,Blue
602,Caye,Shipp,cshippgp@pcworld.com,Female,Land Rover,2012,Maroon
603,Goober,Sanday,gsandaygq@cbc.ca,Male,Dodge,1994,Purple
604,Merci,Guildford,mguildfordgr@about.me,Female,BMW,2009,Maroon
605,Pat,McCerery,pmccererygs@theglobeandmail.com,Male,Toyota,2004,Turquoise
606,Masha,Belin,mbelingt@comcast.net,Female,Lexus,1996,Violet
607,Verene,Cotman,vcotmangu@google.cn,Female,Rolls-Royce,2007,Violet
608,De witt,Houndson,dhoundsongv@dot.gov,Male,Hyundai,1995,Violet
609,Clemente,Balcombe,cbalcombegw@ebay.co.uk,Male,Toyota,2009,Mauv
610,Davin,Lingley,dlingleygx@rambler.ru,Male,Chevrolet,2003,Red
611,Reinaldo,Timbrell,rtimbrellgy@squarespace.com,Male,Pontiac,2002,Yellow
612,Cullan,Leynagh,cleynaghgz@dmoz.org,Male,Acura,2010,Aquamarine
613,Harris,Sneller,hsnellerh0@google.es,Male,Honda,1987,Green
614,Jammal,Duester,jduesterh1@ocn.ne.jp,Male,Nissan,2006,Teal
615,Noelani,Howse,nhowseh2@pagesperso-orange.fr,Female,Mercury,2005,Khaki
616,Locke,Lassetter,llassetterh3@diigo.com,Male,Volkswagen,1988,Orange
617,Deonne,Sabin,dsabinh4@house.gov,Female,Chevrolet,2008,Violet
618,Barnabe,Kedge,bkedgeh5@sfgate.com,,Pontiac,1965,Pink
619,Errick,Rosenkrantz,erosenkrantzh6@umn.edu,Male,Mitsubishi,1985,Orange
620,Gaye,Fidal,gfidalh7@tripod.com,Female,Ford,1993,Fuscia
621,Jason,Borrett,jborretth8@arstechnica.com,Male,Lincoln,2009,Fuscia
622,Mandel,Cunney,mcunneyh9@ask.com,Male,,,
623,Sully,Spinola,sspinolaha@squarespace.com,Male,Honda,1987,Khaki
624,Berkly,Egginton,beggintonhb@mozilla.org,Male,Toyota,2006,Turquoise
625,Pattie,Placidi,pplacidihc@phoca.cz,Female,Pontiac,1985,Crimson
626,Anett,Monnelly,amonnellyhd@china.com.cn,Female,Infiniti,2003,Maroon
627,Gertrude,Coleshill,gcoleshillhe@ucoz.ru,Female,Chrysler,2009,Teal
628,Lee,Rozier,lrozierhf@over-blog.com,Male,Daewoo,2001,Pink
629,Debi,Wilce,dwilcehg@constantcontact.com,Female,Dodge,1994,Indigo
630,Dorree,Haslock(e),dhaslockehh@taobao.com,Female,Hummer,2008,Mauv
631,Bail,Behnecken,bbehneckenhi@nba.com,Male,Volkswagen,1988,Red
632,Bear,Frostdyke,bfrostdykehj@europa.eu,Male,Eagle,1993,Orange
633,Vasilis,Bugge,vbuggehk@ted.com,,Mitsubishi,1989,Blue
634,Weston,Fairchild,wfairchildhl@over-blog.com,Male,Mitsubishi,2002,Aquamarine
635,Ethelind,Colin,ecolinhm@cornell.edu,Female,Mercury,2007,Violet
636,Skye,Dyne,sdynehn@wordpress.org,Male,Dodge,2002,Pink
637,Cindra,Cancelier,ccancelierho@time.com,Female,Mitsubishi,1998,Green
638,Katalin,Anglim,kanglimhp@bigcartel.com,Female,Oldsmobile,1994,Red
639,Adham,Byrne,abyrnehq@berkeley.edu,Male,Buick,1991,Green
640,Randy,Gimson,rgimsonhr@digg.com,Male,Chevrolet,2008,Purple
641,Powell,Caddie,pcaddiehs@merriam-webster.com,Male,Buick,1991,Violet
642,Blair,Delhay,bdelhayht@noaa.gov,,Ford,2004,Mauv
643,Raff,Adderley,radderleyhu@fastcompany.com,Male,Mercedes-Benz,2009,Aquamarine
644,Allene,Giacometti,agiacomettihv@hatena.ne.jp,Female,Ford,2011,Teal
645,Dorris,Liddicoat,dliddicoathw@si.edu,,Chevrolet,2009,Indigo
646,Rachele,Friedlos,rfriedloshx@boston.com,Female,,,
647,Hewie,Surmeyer,hsurmeyerhy@aol.com,Male,Mitsubishi,1987,Blue
648,Fairfax,Bolger,fbolgerhz@cbsnews.com,Male,Ford,1991,Fuscia
649,Sloan,Andreas,sandreasi0@patch.com,Male,Dodge,2007,Aquamarine
650,Gilbertina,Domesday,gdomesdayi1@gizmodo.com,Female,Mercedes-Benz,1999,Turquoise
651,Lorin,Santry,lsantryi2@mashable.com,Male,Nissan,2002,Pink
652,Colin,Meachem,cmeachemi3@paginegialle.it,Male,Nissan,2009,Mauv
653,Koral,Belward,kbelwardi4@simplemachines.org,Female,Chevrolet,1993,Red
654,Averyl,Sarath,asarathi5@etsy.com,Female,Chevrolet,1984,Yellow
655,Angeline,Packer,apackeri6@businesswire.com,Female,Chevrolet,2009,Pink
656,Sari,Balcon,sbalconi7@friendfeed.com,Female,Chevrolet,1997,Fuscia
657,Rachael,Pavelka,rpavelkai8@networksolutions.com,,Ford,2004,Blue
658,Amity,Ilott,ailotti9@github.io,Female,Buick,2011,Blue
659,Deck,Gyngyll,dgyngyllia@pinterest.com,Male,Buick,2006,Aquamarine
660,Brena,Berfoot,bberfootib@miibeian.gov.cn,Female,Volvo,2009,Pink
661,Corry,Cullum,ccullumic@4shared.com,Female,Lamborghini,1987,Yellow
662,Wilmer,Weekley,wweekleyid@tuttocitta.it,Male,Chevrolet,2004,Orange
663,Den,Savery,dsaveryie@scribd.com,Male,Acura,1987,Mauv
664,Simon,Zywicki,szywickiif@printfriendly.com,Male,Toyota,1994,Khaki
665,Artemas,Paten,apatenig@ed.gov,Male,MINI,2005,Yellow
666,Aristotle,Silbersak,asilbersakih@angelfire.com,Male,Subaru,2010,Violet
667,Jacqui,Howbrook,jhowbrookii@feedburner.com,Female,Oldsmobile,2001,Yellow
668,Freeman,Aylwin,faylwinij@samsung.com,Male,Ford,2000,Red
669,Catarina,Lewis,clewisik@youtube.com,Female,Bentley,2011,Purple
670,Germana,Palomba,gpalombail@infoseek.co.jp,Female,Chevrolet,2002,Indigo
671,Asia,Phil,aphilim@irs.gov,Female,Lexus,2009,Turquoise
672,Toni,Spivey,tspiveyin@microsoft.com,Female,Pontiac,1999,Green
673,Rabbi,Morstatt,rmorstattio@posterous.com,Male,Dodge,2000,Maroon
674,Stafford,Stollenwerck,sstollenwerckip@jigsy.com,Male,Jeep,2003,Mauv
675,Sig,Cruess,scruessiq@about.com,Male,Jeep,2012,Khaki
676,Lurline,Finch,lfinchir@ebay.com,Female,Plymouth,1992,Red
677,Christiane,Godbehere,cgodbehereis@theguardian.com,Female,Mercedes-Benz,2000,Turquoise
678,Sol,Heeron,sheeronit@vinaora.com,Male,GMC,1997,Green
679,Jeni,O'Shevlan,joshevlaniu@wordpress.org,Female,Chevrolet,1994,Violet
680,Doroteya,Balmforth,dbalmforthiv@oaic.gov.au,Female,Audi,1989,Khaki
681,Darsey,Tonnesen,dtonneseniw@com.com,Female,Nissan,2012,Green
682,Aldrich,McConville,amcconvilleix@google.nl,Male,Lincoln,2006,Green
683,Henka,Domenge,hdomengeiy@yandex.ru,Female,Mercedes-Benz,1993,Violet
684,Paten,Halsall,phalsalliz@sfgate.com,Male,Geo,1992,Pink
685,Cazzie,Trayes,ctrayesj0@princeton.edu,,Chevrolet,1997,Khaki
686,Coralie,Naisbitt,cnaisbittj1@tripadvisor.com,Female,Lexus,1989,Puce
687,Izzy,Roskruge,iroskrugej2@redcross.org,,Mercedes-Benz,1994,Teal
688,Hollis,Barrabeale,hbarrabealej3@cmu.edu,Male,Volvo,2007,Puce
689,Katie,Spiniello,kspinielloj4@geocities.jp,Female,Mitsubishi,1998,Crimson
690,Normie,Marple,nmarplej5@creativecommons.org,Male,Porsche,1997,Turquoise
691,Alexandrina,Cavanagh,acavanaghj6@quantcast.com,Female,Pontiac,1988,Orange
692,Adrian,Ximenez,aximenezj7@google.ca,Female,Maserati,2007,Goldenrod
693,Zak,Soitoux,zsoitouxj8@sogou.com,Male,Infiniti,2008,Fuscia
694,Emelen,Pottberry,epottberryj9@bloomberg.com,Male,Pontiac,1999,Puce
695,Forest,Dayment,fdaymentja@fastcompany.com,Male,Saab,2006,Purple
696,Clary,Joslin,cjoslinjb@umn.edu,Female,Mercedes-Benz,2008,Maroon
697,Erin,Chater,echaterjc@accuweather.com,Female,Toyota,2007,Orange
698,Florrie,Kubu,fkubujd@cmu.edu,Female,Chevrolet,1973,Green
699,Rowan,Molder,rmolderje@jiathis.com,Male,Porsche,2013,Goldenrod
700,Wilfred,Moralee,wmoraleejf@globo.com,Male,Jeep,1992,Green
701,Ferrell,Ramelet,frameletjg@tripod.com,,Nissan,2012,Green
702,Jamey,Hamnett,jhamnettjh@fc2.com,Male,Cadillac,2011,Yellow
703,Sander,MacPeake,smacpeakeji@cam.ac.uk,Male,Mercedes-Benz,2012,Red
704,Veda,Aindrais,vaindraisjj@comcast.net,Female,Mazda,1992,Turquoise
705,Amandy,Tillot,atillotjk@europa.eu,Female,Nissan,1997,Green
706,Margy,Faiers,mfaiersjl@cargocollective.com,Female,GMC,1998,Goldenrod
707,Neil,Reddish,nreddishjm@indiatimes.com,Male,Lincoln,1986,Turquoise
708,Saunderson,Frugier,sfrugierjn@pinterest.com,Male,Chevrolet,1995,Maroon
709,Reg,Housley,rhousleyjo@ucoz.ru,Male,Dodge,1996,Yellow
710,Ede,Dinnington,edinningtonjp@va.gov,,Chevrolet,1997,Turquoise
711,Fielding,Redmond,fredmondjq@spiegel.de,Male,Chevrolet,2006,Green
712,Lira,Gavini,lgavinijr@sun.com,Female,Dodge,2009,Teal
713,Morie,Sinnatt,msinnattjs@storify.com,Male,Toyota,2010,Goldenrod
714,Devland,Casa,dcasajt@networkadvertising.org,Male,Mitsubishi,1984,Red
715,Kay,Carmel,kcarmelju@mlb.com,Female,Audi,1998,Indigo
716,Caterina,Crus,ccrusjv@stanford.edu,Female,GMC,1998,Crimson
717,Courtnay,Ardron,cardronjw@free.fr,Male,Aston Martin,2010,Aquamarine
718,Evvie,Savary,esavaryjx@addtoany.com,Female,GMC,1995,Pink
719,Margarita,Mikalski,mmikalskijy@wsj.com,Female,Mitsubishi,2009,Orange
720,Willamina,Smitheram,wsmitheramjz@dedecms.com,Female,Chevrolet,2000,Green
721,Morgan,Whight,mwhightk0@oracle.com,Female,Mazda,1994,Aquamarine
722,Kaela,Naile,knailek1@sogou.com,Female,BMW,2008,Goldenrod
723,Gustave,Picknett,gpicknettk2@dailymail.co.uk,Male,Volkswagen,1986,Violet
724,Karil,Gratrex,kgratrexk3@webnode.com,Female,Jaguar,2008,Indigo
725,Matilde,Cloughton,mcloughtonk4@admin.ch,Female,Mercedes-Benz,2007,Blue
726,Bella,Bedwell,bbedwellk5@youtu.be,Female,Buick,1999,Turquoise
727,Keelia,Bartocci,kbartoccik6@ycombinator.com,Female,Dodge,1999,Green
728,Carny,Langstone,clangstonek7@fotki.com,Male,Ford,1985,Red
729,Roman,Small,rsmallk8@hugedomains.com,Male,,,
730,Marrissa,Hanmer,mhanmerk9@vinaora.com,Female,Cadillac,2012,Violet
731,Orrin,MacCaughan,omaccaughanka@blog.com,Male,Acura,2012,Purple
732,Farlee,Blincko,fblinckokb@salon.com,Male,Audi,1997,Purple
733,Jammie,Speechley,jspeechleykc@reverbnation.com,Female,Toyota,2001,Turquoise
734,Nydia,Gadsby,ngadsbykd@eepurl.com,Female,Pontiac,1995,Maroon
735,Liana,Eastham,leasthamke@auda.org.au,Female,Ford,2003,Yellow
736,Ringo,Kirrens,rkirrenskf@patch.com,Male,Mitsubishi,1999,Crimson
737,Moria,De Bruyne,mdebruynekg@reddit.com,Female,Chrysler,2000,Goldenrod
738,Reagan,Gerriet,rgerrietkh@stanford.edu,Male,Mitsubishi,1993,Mauv
739,Almeda,Gouldthorp,agouldthorpki@microsoft.com,Female,Buick,1988,Puce
740,Fons,Bonson,fbonsonkj@twitter.com,Male,Oldsmobile,1998,Teal
741,Quentin,Gildroy,qgildroykk@eventbrite.com,Male,Bugatti,2009,Blue
742,Tandy,Harrild,tharrildkl@vk.com,Female,Kia,2000,Khaki
743,Louella,Prewett,lprewettkm@parallels.com,Female,GMC,2005,Turquoise
744,Jefferson,Garrold,jgarroldkn@jalbum.net,Male,Chevrolet,1976,Aquamarine
745,Innis,Tabbernor,itabbernorko@thetimes.co.uk,Male,Suzuki,2001,Fuscia
746,Rhody,Keymer,rkeymerkp@youku.com,Female,,,
747,Francyne,Aldus,falduskq@prweb.com,Female,Toyota,1994,Goldenrod
748,Maynard,Gittus,mgittuskr@miitbeian.gov.cn,Male,Chevrolet,2004,Puce
749,Shauna,Robak,srobakks@nymag.com,Female,Dodge,1995,Fuscia
750,Hedda,Joanaud,hjoanaudkt@godaddy.com,Female,Nissan,2012,Purple
751,Reynolds,Etheridge,retheridgeku@ezinearticles.com,Male,Nissan,2007,Yellow
752,Viva,Le Strange,vlestrangekv@sbwire.com,Female,Subaru,2012,Indigo
753,Georgena,Louis,glouiskw@seattletimes.com,Female,Hyundai,1997,Crimson
754,Leora,Swaffield,lswaffieldkx@exblog.jp,,Ford,1989,Crimson
755,Constantina,Hulles,chullesky@oracle.com,Female,Chrysler,1994,Mauv
756,Bendicty,Lucey,bluceykz@shareasale.com,Male,Dodge,1968,Indigo
757,Maegan,Bartels,mbartelsl0@msu.edu,Female,,,
758,Kanya,Firmager,kfirmagerl1@columbia.edu,Female,Nissan,2001,Aquamarine
759,Sammy,Raoult,sraoultl2@nyu.edu,,Chevrolet,1975,Fuscia
760,Adham,Pettican,apetticanl3@yale.edu,Male,Chevrolet,1999,Blue
761,Pammi,Hewes,phewesl4@ed.gov,Female,Ford,2003,Fuscia
762,Rana,Bwy,rbwyl5@blogs.com,Female,Chevrolet,2005,Puce
763,Dawn,Affuso,daffusol6@yahoo.com,Female,Hillman,1950,Fuscia
764,Vanya,Daddow,vdaddowl7@tripadvisor.com,Male,Chevrolet,2009,Orange
765,Salome,McGahey,smcgaheyl8@intel.com,Female,GMC,2011,Goldenrod
766,Janos,Haseley,jhaseleyl9@behance.net,Male,MINI,2011,Blue
767,Stefania,Freckleton,sfreckletonla@com.com,Female,Chevrolet,2003,Pink
768,Meagan,Delucia,mdelucialb@buzzfeed.com,Female,GMC,2000,Teal
769,Lorelle,Carefull,lcarefulllc@eventbrite.com,Female,Dodge,1996,Crimson
770,Agna,Volant,avolantld@dailymail.co.uk,Female,Pontiac,1997,Fuscia
771,Sheelagh,Blackeby,sblackebyle@yellowpages.com,Female,Chrysler,1998,Green
772,Yolanthe,Shovlar,yshovlarlf@hao123.com,Female,BMW,2012,Teal
773,Bret,Trenholme,btrenholmelg@mysql.com,Male,BMW,2010,Aquamarine
774,Ronnica,Moyler,rmoylerlh@hibu.com,Female,Buick,1993,Goldenrod
775,Paten,Welbrock,pwelbrockli@shareasale.com,Male,Chevrolet,1995,Crimson
776,Michaella,Edmundson,medmundsonlj@mediafire.com,Female,Lincoln,2006,Turquoise
777,Vance,Acreman,vacremanlk@scientificamerican.com,Male,Subaru,2007,Puce
778,Svend,Deathridge,sdeathridgell@ftc.gov,Male,Mitsubishi,1993,Aquamarine
779,Anya,Meegin,ameeginlm@dropbox.com,Female,GMC,2011,Purple
780,Hayyim,Spaxman,hspaxmanln@hubpages.com,Male,Chevrolet,2002,Purple
781,Lani,Mannagh,lmannaghlo@ask.com,Female,Lexus,1999,Red
782,Mickie,Beaford,mbeafordlp@ucoz.ru,Female,Porsche,1987,Puce
783,Devondra,Conrart,dconrartlq@ocn.ne.jp,Female,Chrysler,2005,Maroon
784,Maudie,Hegdonne,mhegdonnelr@nasa.gov,Female,GMC,2003,Green
785,Dorie,McKinty,dmckintyls@npr.org,Female,Toyota,2012,Mauv
786,Rabbi,Coy,rcoylt@wufoo.com,Male,Cadillac,2007,Goldenrod
787,Merrili,Caldeiro,mcaldeirolu@whitehouse.gov,Female,Pontiac,1996,Green
788,Royal,Pointer,rpointerlv@mozilla.org,Male,Buick,2002,Turquoise
789,Drusilla,Lynch,dlynchlw@usa.gov,Female,Volvo,2002,Orange
790,Lloyd,Coggan,lcogganlx@time.com,Male,Isuzu,2007,Turquoise
791,Jocelyne,Cardozo,jcardozoly@google.com.br,Female,BMW,2007,Aquamarine
792,Adriana,Kittle,akittlelz@fema.gov,Female,Subaru,1993,Maroon
793,Dunn,Gauche,dgauchem0@skyrock.com,Male,Volkswagen,1990,Aquamarine
794,Regan,Browse,rbrowsem1@ow.ly,Male,Ford,2013,Teal
795,Say,Graveson,sgravesonm2@noaa.gov,Male,Volkswagen,2012,Teal
796,Hanny,Kurt,hkurtm3@addtoany.com,Female,,,
797,Andree,Rupprecht,arupprechtm4@wunderground.com,Female,Lincoln,1996,Fuscia
798,Glyn,Grenshields,ggrenshieldsm5@time.com,Female,Mazda,1988,Purple
799,Andrey,Zmitrovich,azmitrovichm6@boston.com,Male,Honda,2008,Green
800,Ax,Haborn,ahabornm7@dropbox.com,Male,Audi,2000,Crimson
801,Godiva,Bugs,gbugsm8@nhs.uk,Female,Toyota,1996,Fuscia
802,Crystal,O'Heagertie,coheagertiem9@washingtonpost.com,Female,,,
803,Wilfrid,Canizares,wcanizaresma@fotki.com,Male,Nissan,2011,Pink
804,Penny,Whitehair,pwhitehairmb@dot.gov,Female,Nissan,1990,Puce
805,Eduino,Docker,edockermc@cafepress.com,Male,Oldsmobile,1993,Pink
806,Justin,Iceton,jicetonmd@hud.gov,Male,Dodge,2003,Pink
807,Ethelda,Beaver,ebeaverme@gizmodo.com,Female,BMW,1998,Violet
808,Fritz,Loadwick,floadwickmf@indiegogo.com,Male,Volkswagen,2010,Green
809,Skelly,Archdeacon,sarchdeaconmg@apache.org,Male,Dodge,1992,Blue
810,Kattie,Evamy,kevamymh@bbc.co.uk,Female,Chrysler,1992,Purple
811,Trevor,Ling,tlingmi@answers.com,Male,,,
812,Gregg,Bemwell,gbemwellmj@cpanel.net,Male,Volkswagen,1995,Aquamarine
813,Brande,Tingey,btingeymk@cdc.gov,Female,Mercedes-Benz,2002,Green
814,Vite,O'Geaney,vogeaneyml@exblog.jp,Male,Mazda,2012,Fuscia
815,Jarvis,Grinsted,jgrinstedmm@godaddy.com,Male,Cadillac,1993,Fuscia
816,Dania,Coupland,dcouplandmn@lulu.com,Female,Hummer,2006,Violet
817,Cecile,D'Adamo,cdadamomo@discuz.net,Female,Spyker,2004,Puce
818,Corrina,Hesey,cheseymp@cloudflare.com,Female,Buick,1995,Goldenrod
819,Ham,Alvy,halvymq@unc.edu,Male,Saturn,1992,Khaki
820,Normie,Rounsivall,nrounsivallmr@slideshare.net,Male,Ford,2007,Puce
821,Mozes,Lomath,mlomathms@seattletimes.com,Male,,,
822,Ann-marie,Sturges,asturgesmt@dailymail.co.uk,Female,Ford,1964,Yellow
823,Dick,Kelshaw,dkelshawmu@cmu.edu,Male,Jaguar,2005,Pink
824,Zechariah,Blind,zblindmv@hatena.ne.jp,Male,Holden,1997,Puce
825,Barnaby,Job,bjobmw@yellowpages.com,Male,GMC,2011,Crimson
826,Robina,Edland,redlandmx@dropbox.com,Female,Lexus,2007,Purple
827,Henri,Goodered,hgooderedmy@irs.gov,Male,Mitsubishi,1990,Fuscia
828,Jethro,Blade,jblademz@eepurl.com,Male,Toyota,1995,Aquamarine
829,Laurena,Stait,lstaitn0@skype.com,Female,Chevrolet,1972,Orange
830,Shalne,Perocci,speroccin1@cnbc.com,Female,Chrysler,1998,Goldenrod
831,Katheryn,de Keyser,kdekeysern2@google.fr,Female,Nissan,2005,Mauv
832,Dianne,Bleasdale,dbleasdalen3@java.com,Female,Mitsubishi,2002,Crimson
833,Tremaine,Pavlata,tpavlatan4@freewebs.com,Male,Chrysler,2000,Aquamarine
834,Marla,Weed,mweedn5@bigcartel.com,Female,Volkswagen,2008,Turquoise
835,Debera,Meaddowcroft,dmeaddowcroftn6@msn.com,,Ford,2009,Purple
836,Anatole,Giampietro,agiampietron7@census.gov,Male,Mercury,2006,Green
837,Lonnie,Malpas,lmalpasn8@ow.ly,Female,Volvo,2004,Purple
838,Alyson,Goforth,agoforthn9@yellowbook.com,Female,Ford,1998,Pink
839,Angie,Izzatt,aizzattna@stanford.edu,Female,Dodge,2000,Purple
840,Casey,Headings,cheadingsnb@ibm.com,Male,Chrysler,2000,Yellow
841,Maridel,Orrow,morrownc@blogspot.com,Female,Audi,2008,Green
842,Ernest,Clarridge,eclarridgend@networksolutions.com,Male,Isuzu,1994,Fuscia
843,Hannie,Ready,hreadyne@yellowbook.com,Female,Audi,2012,Blue
844,Staci,Hawson,shawsonnf@answers.com,Female,Volkswagen,2008,Indigo
845,Dominick,Cicutto,dcicuttong@artisteer.com,Male,Chevrolet,2001,Aquamarine
846,Timotheus,Southwick,tsouthwicknh@ca.gov,Male,Toyota,1995,Blue
847,Arie,Mogenot,amogenotni@mayoclinic.com,Male,Land Rover,1997,Green
848,Marion,Atwel,matwelnj@t-online.de,Male,Buick,1993,Fuscia
849,Horst,Orridge,horridgenk@sun.com,Male,Volkswagen,1990,Goldenrod
850,Saxon,Machent,smachentnl@free.fr,Male,Pontiac,2001,Turquoise
851,Ella,Kisting,ekistingnm@usatoday.com,Female,Dodge,2003,Khaki
852,Ganny,Thiolier,gthioliernn@yelp.com,Male,Acura,2003,Blue
853,Jackson,Ginley,jginleyno@simplemachines.org,Male,Lexus,1996,Violet
854,Moira,Mulvey,mmulveynp@dropbox.com,Female,Chevrolet,2005,Maroon
855,Briana,Sudron,bsudronnq@friendfeed.com,Female,Nissan,2010,Teal
856,Leticia,Purdey,lpurdeynr@purevolume.com,Female,Dodge,2003,Turquoise
857,Toby,Billin,tbillinns@netscape.com,Male,Mitsubishi,1986,Purple
858,Maura,MacGillivrie,mmacgillivrient@cnet.com,Female,Chevrolet,2003,Mauv
859,Dimitry,Crone,dcronenu@opera.com,Male,Honda,2002,Maroon
860,Laurel,Winslade,lwinsladenv@utexas.edu,Female,Suzuki,2007,Violet
861,Allsun,Fouch,afouchnw@drupal.org,Female,Jeep,1998,Crimson
862,Malina,Minithorpe,mminithorpenx@dot.gov,Female,Isuzu,2000,Orange
863,Prue,Yitshak,pyitshakny@booking.com,Female,BMW,2004,Red
864,Clark,Batteson,cbattesonnz@apache.org,Male,Rolls-Royce,2008,Indigo
865,Rosalind,Mogey,rmogeyo0@discovery.com,Female,Ferrari,2010,Indigo
866,Ruy,Haselup,rhaselupo1@bbb.org,Male,Cadillac,2007,Maroon
867,Belia,Guerriero,bguerrieroo2@cbc.ca,Female,Pontiac,1991,Crimson
868,Raoul,Schaben,rschabeno3@house.gov,Male,Ford,2004,Aquamarine
869,Malachi,Genner,mgennero4@xrea.com,,Hyundai,2009,Maroon
870,Slade,Adamczewski,sadamczewskio5@ibm.com,Male,Pontiac,2004,Aquamarine
871,Torrence,Skitterel,tskitterelo6@dyndns.org,Male,Ford,2004,Purple
872,Winfred,Edgell,wedgello7@vinaora.com,Male,Audi,1998,Mauv
873,Charline,Jadczak,cjadczako8@wired.com,Female,Mitsubishi,1997,Green
874,Ginevra,Caldron,gcaldrono9@altervista.org,Female,Mitsubishi,1991,Red
875,Jessamine,Southon,jsouthonoa@wsj.com,Female,Dodge,2006,Mauv
876,Noellyn,Oxnam,noxnamob@sun.com,,Mazda,1994,Orange
877,Koren,Marde,kmardeoc@posterous.com,Female,Land Rover,2008,Mauv
878,Guglielma,Northridge,gnorthridgeod@yahoo.com,Female,Hyundai,2002,Red
879,Zared,Elis,zelisoe@reuters.com,Male,Mercedes-Benz,2010,Red
880,Izabel,Bull,ibullof@sun.com,Female,Subaru,1993,Teal
881,Giorgia,McClelland,gmcclellandog@dion.ne.jp,Female,Mercury,1998,Crimson
882,Andrej,Eberts,aebertsoh@bloomberg.com,Male,Lexus,2010,Puce
883,Ulla,Mithon,umithonoi@mayoclinic.com,,Infiniti,2002,Maroon
884,Charmion,Shevlan,cshevlanoj@salon.com,Female,Maserati,1985,Maroon
885,Hubie,McLarens,hmclarensok@cisco.com,Male,Nissan,2004,Fuscia
886,Gilberto,Avramovsky,gavramovskyol@soundcloud.com,Male,Lexus,1990,Maroon
887,Giraud,Lude,gludeom@reddit.com,Male,Jeep,2006,Yellow
888,Ricard,Bilam,rbilamon@theglobeandmail.com,Male,BMW,2011,Mauv
889,Albina,Scherme,aschermeoo@google.it,Female,Buick,1997,Goldenrod
890,Yorke,Hosby,yhosbyop@elegantthemes.com,Male,Lincoln,1993,Pink
891,Mohandis,Legate,mlegateoq@odnoklassniki.ru,Male,Suzuki,2010,Blue
892,Emiline,Cogley,ecogleyor@163.com,Female,Volvo,1995,Khaki
893,Andres,Tippings,atippingsos@weibo.com,Male,Mercury,1989,Teal
894,Odey,Derx,oderxot@princeton.edu,Male,Nissan,2011,Crimson
895,Shanda,Helm,shelmou@foxnews.com,,Nissan,1993,Orange
896,Syd,Campsall,scampsallov@feedburner.com,Male,Mitsubishi,2003,Mauv
897,Madison,Rigolle,mrigolleow@freewebs.com,Male,Buick,2005,Aquamarine
898,Gilbertine,D'Orsay,gdorsayox@issuu.com,Female,Oldsmobile,1998,Fuscia
899,Fae,Stannah,fstannahoy@last.fm,Female,Pontiac,1985,Pink
900,Daveen,Mayworth,dmayworthoz@ehow.com,Female,GMC,1992,Teal
901,Lorianna,Gair,lgairp0@booking.com,Female,Ford,1992,Fuscia
902,Reggis,Cockaday,rcockadayp1@yelp.com,Male,Geo,1997,Red
903,Kristian,Agneau,kagneaup2@lulu.com,Male,Volvo,2007,Fuscia
904,Dotti,Denson,ddensonp3@state.tx.us,Female,GMC,1997,Orange
905,Guinna,Vaughan,gvaughanp4@marketwatch.com,,Toyota,2001,Purple
906,Jacquetta,Laven,jlavenp5@networkadvertising.org,Female,GMC,2002,Crimson
907,Symon,Schout,sschoutp6@posterous.com,Male,,,
908,Annabella,Weatherhogg,aweatherhoggp7@amazon.com,Female,GMC,1992,Yellow
909,Joellen,Marin,jmarinp8@cafepress.com,Female,Chevrolet,1994,Yellow
910,Fin,Accum,faccump9@cornell.edu,Male,Lamborghini,2007,Blue
911,Mischa,Venables,mvenablespa@studiopress.com,Male,Mitsubishi,1993,Purple
912,Rhona,Isaksson,risakssonpb@rambler.ru,Female,Lincoln,2009,Turquoise
913,Sonny,Cloney,scloneypc@mozilla.org,Male,Nissan,2001,Khaki
914,Davide,Vicary,dvicarypd@intel.com,Male,Maybach,2006,Red
915,Harbert,Bricksey,hbrickseype@delicious.com,Male,Audi,2003,Mauv
916,Keen,Kilby,kkilbypf@mashable.com,Male,Mercury,2002,Aquamarine
917,Gus,Blowfield,gblowfieldpg@lycos.com,Female,Suzuki,1994,Teal
918,Rudolfo,Haworth,rhaworthph@shareasale.com,Male,Mazda,2001,Goldenrod
919,Tadd,Filer,tfilerpi@t.co,Male,Buick,1998,Blue
920,Kara,Zouch,kzouchpj@examiner.com,Female,Kia,2009,Green
921,Kellina,felip,kfelippk@mapy.cz,Female,Lincoln,2007,Khaki
922,Perle,Serris,pserrispl@hp.com,Female,Subaru,1997,Puce
923,Wade,Leithgoe,wleithgoepm@cafepress.com,Male,Jensen,1966,Orange
924,Mace,Anselm,manselmpn@wordpress.org,Male,Dodge,2005,Aquamarine
925,Elvyn,Ivic,eivicpo@miitbeian.gov.cn,Male,Land Rover,2009,Green
926,Harmonia,Woolfitt,hwoolfittpp@biglobe.ne.jp,Female,Mercedes-Benz,2012,Fuscia
927,Roderich,O'Halleghane,rohalleghanepq@msu.edu,Male,Volvo,2010,Violet
928,Tanny,Mawer,tmawerpr@state.tx.us,Male,Porsche,2009,Goldenrod
929,Codie,Bickersteth,cbickerstethps@eepurl.com,Female,Dodge,1994,Orange
930,Veronica,Beatson,vbeatsonpt@histats.com,Female,Mitsubishi,2005,Turquoise
931,Keven,Rochford,krochfordpu@nifty.com,Male,GMC,1995,Indigo
932,Laurie,Hearthfield,lhearthfieldpv@ftc.gov,Male,Eagle,1993,Crimson
933,Harrison,Richen,hrichenpw@usnews.com,Male,Toyota,2012,Mauv
934,Nobe,Eayres,neayrespx@buzzfeed.com,Male,Ferrari,2012,Aquamarine
935,Maible,Meeson,mmeesonpy@thetimes.co.uk,Female,Oldsmobile,1992,Aquamarine
936,Guglielma,Durnford,gdurnfordpz@clickbank.net,Female,Porsche,2013,Blue
937,Jedidiah,Bailiss,jbailissq0@google.es,Male,Ford,2010,Khaki
938,Hymie,Caren,hcarenq1@constantcontact.com,Male,Dodge,1994,Crimson
939,Celle,Yurygyn,cyurygynq2@barnesandnoble.com,Female,Honda,2004,Puce
940,Brana,Dommerque,bdommerqueq3@guardian.co.uk,Female,Nissan,1992,Puce
941,Justinn,Evesque,jevesqueq4@yolasite.com,Female,Cadillac,1994,Yellow
942,Erie,Strowger,estrowgerq5@nasa.gov,Male,,,
943,Quintin,Millhouse,qmillhouseq6@twitter.com,,Jeep,2009,Orange
944,Kennett,Yardley,kyardleyq7@discovery.com,Male,Pontiac,2009,Goldenrod
945,Ichabod,Gladdish,igladdishq8@google.com,Male,Mercedes-Benz,1992,Puce
946,Clarita,Tabbernor,ctabbernorq9@wordpress.org,Female,Mazda,2001,Pink
947,Linoel,Giovannoni,lgiovannoniqa@etsy.com,Male,Nissan,2010,Yellow
948,Shoshanna,Cudworth,scudworthqb@dmoz.org,Female,Dodge,2005,Purple
949,Mariya,Wylder,mwylderqc@discuz.net,Female,Cadillac,2009,Goldenrod
950,Karney,Hoggan,khogganqd@mlb.com,Male,Dodge,2002,Turquoise
951,Jerri,Downie,jdownieqe@hc360.com,Male,Mercedes-Benz,1993,Maroon
952,Darnell,Mitchenson,dmitchensonqf@pinterest.com,Male,Infiniti,2004,Purple
953,Robena,Comino,rcominoqg@oakley.com,Female,Dodge,2011,Purple
954,Aube,Ferrara,aferraraqh@bloglines.com,Male,Austin,1963,Red
955,Odele,Cleere,ocleereqi@dion.ne.jp,Female,Lincoln,1993,Pink
956,Duke,Iczokvitz,diczokvitzqj@ovh.net,Male,Ford,1995,Green
957,Neely,Minico,nminicoqk@live.com,Female,Ford,1999,Red
958,Annaliese,Zannutti,azannuttiql@unblog.fr,Female,Volkswagen,1994,Fuscia
959,Dominga,Sushams,dsushamsqm@tmall.com,Female,Toyota,2004,Green
960,Cointon,Tolfrey,ctolfreyqn@pcworld.com,Male,Toyota,2003,Fuscia
961,Alida,Hutt,ahuttqo@bizjournals.com,Female,Acura,1997,Pink
962,Brice,Angeli,bangeliqp@twitpic.com,Male,Plymouth,1995,Pink
963,Gabbie,Bulloch,gbullochqq@hao123.com,Male,Maybach,2011,Khaki
964,Loy,Gallant,lgallantqr@cam.ac.uk,Male,BMW,2011,Khaki
965,Letisha,Hurt,lhurtqs@hubpages.com,Female,,,
966,Persis,Cotherill,pcotherillqt@un.org,Female,Mercedes-Benz,2009,Khaki
967,Armando,Geikie,ageikiequ@networksolutions.com,Male,Chevrolet,2008,Orange
968,Marge,Northgraves,mnorthgravesqv@dell.com,,Suzuki,1991,Teal
969,Jessie,Andrzejak,jandrzejakqw@networkadvertising.org,Male,Dodge,2009,Turquoise
970,Christean,Freshwater,cfreshwaterqx@jalbum.net,Female,Jeep,2011,Pink
971,Margaretta,Scarlet,mscarletqy@printfriendly.com,Female,Volvo,1997,Goldenrod
972,Xaviera,Ussher,xussherqz@seattletimes.com,Female,Buick,2006,Khaki
973,Christi,Havis,chavisr0@cafepress.com,Female,Dodge,1993,Orange
974,Gavin,Lyburn,glyburnr1@csmonitor.com,Male,Austin,1963,Teal
975,Saul,Frape,sfraper2@gizmodo.com,Male,Mercedes-Benz,2009,Aquamarine
976,Kareem,Feldberger,kfeldbergerr3@ucsd.edu,Male,Audi,1998,Orange
977,Cleon,Bilyard,cbilyardr4@edublogs.org,Male,Chevrolet,2009,Aquamarine
978,Christye,Cattermull,ccattermullr5@wordpress.org,Female,Chevrolet,2004,Aquamarine
979,Sonnnie,Barta,sbartar6@e-recht24.de,Female,Mazda,2006,Purple
980,Saw,Amphlett,samphlettr7@goo.ne.jp,Male,GMC,1997,Teal
981,Iorgo,Cariss,icarissr8@usda.gov,Male,Hyundai,1994,Orange
982,Dawna,Woehler,dwoehlerr9@miitbeian.gov.cn,Female,GMC,1992,Maroon
983,Martguerita,Itzcovichch,mitzcovichchra@histats.com,Female,Mazda,2010,Orange
984,Boot,Hoggetts,bhoggettsrb@japanpost.jp,Male,Volkswagen,2008,Khaki
985,Carolynn,Mertin,cmertinrc@hugedomains.com,Female,Ford,1971,Teal
986,Hy,Bateman,hbatemanrd@microsoft.com,Male,Dodge,2007,Orange
987,Bartholomew,Jaze,bjazere@ustream.tv,Male,Saturn,2001,Maroon
988,Hobard,Webburn,hwebburnrf@webeden.co.uk,Male,Chevrolet,1992,Crimson
989,Barbette,Craigs,bcraigsrg@myspace.com,Female,Land Rover,2004,Green
990,Bogart,Pittem,bpittemrh@moonfruit.com,Male,BMW,2004,Fuscia
991,Korney,Cluely,kcluelyri@uol.com.br,Female,Dodge,1981,Red
992,Gussie,Deavin,gdeavinrj@pagesperso-orange.fr,Female,Volvo,2010,Teal
993,Mady,Flisher,mflisherrk@sina.com.cn,Female,Hyundai,2012,Indigo
994,Riane,Waiting,rwaitingrl@sina.com.cn,Female,Lexus,2005,Purple
995,Byran,Gunderson,bgundersonrm@furl.net,Male,Nissan,2011,Mauv
996,Christiana,McCurrie,cmccurriern@facebook.com,Female,Volkswagen,2013,Turquoise
997,Stuart,Eyckel,seyckelro@mediafire.com,Male,Ford,2010,Red
998,Webb,Amott,wamottrp@example.com,Male,Ford,2001,Purple
999,Giffy,Rodgier,grodgierrq@nps.gov,Male,Chevrolet,2007,Red
1000,Leon,Zavattieri,lzavattierirr@yelp.com,Male,Buick,2002,Red
